category,rows,percent_of_rows,dataset
US,59604,29.802149010745055,Original
IN,14752,7.376036880184402,Original
GB,7638,3.819019095095476,Original
BR,6615,3.307516537582688,Original
CA,6475,3.2375161875809377,Original
AU,3703,1.8515092575462875,Original
CN,3510,1.7550087750438752,Original
MX,3466,1.7330086650433254,Original
DE,3425,1.7125085625428127,Original
ES,3220,1.6100080500402503,Original
FR,2801,1.4005070025350126,Original
CO,2330,1.165005825029125,Original
RU,1907,0.9535047675238377,Original
NL,1888,0.9440047200236001,Original
TR,1811,0.9055045275226375,Original
PK,1756,0.8780043900219501,Original
NG,1699,0.8495042475212375,Original
[Other categories],51005,25.502627513137565,Original
[Missing],22394,11.197055985279926,Original
US,59530,30.601963707397317,Anonymized
IN,14702,7.557703182028479,Anonymized
GB,7558,3.885261913329564,Anonymized
BR,6543,3.36349149231481,Anonymized
CA,6399,3.289466920269367,Anonymized
AU,3640,1.8711766822598057,Anonymized
CN,3455,1.7760756695625355,Anonymized
MX,3402,1.7488305145735876,Anonymized
DE,3359,1.7267259548655736,Anonymized
ES,3161,1.6249421683030896,Anonymized
FR,2741,1.4090371665038812,Anonymized
CO,2290,1.1771963193337789,Anonymized
RU,1856,0.9540944841412635,Anonymized
NL,1832,0.941757055467023,Anonymized
TR,1761,0.905258828972395,Anonymized
PK,1724,0.8862386264329409,Anonymized
NG,1661,0.8538528761630597,Anonymized
[Other categories],46585,23.94746311622886,Anonymized
[Missing],22331,11.47946332185267,Anonymized
