category,rows,percent_of_rows,valid_post_rows,missing_or_invalid_post_rows,mean_posts,percent_posting_among_valid,dataset
Bachelor’s,59422,29.711148555742778,59422,0,0.2509676550772441,4.035542391706775,Original
Master’s / professional,48204,24.102120510602553,48204,0,0.39787154592979834,5.076342212264542,Original
High school,35706,17.85308926544633,35706,0,0.18097798689295916,3.1703355178401385,Original
Unknown,27991,13.99556997784989,27991,0,0.1550141116787539,2.5115215605015897,Original
Doctorate,9114,4.557022785113926,9114,0,0.43559359227561995,4.081632653061225,Original
Associate,8224,4.112020560102801,8224,0,0.2593628404669261,3.6357003891050588,Original
Junior high,4542,2.271011355056775,4542,0,0.2672831351827389,4.051078819903126,Original
Other education,3721,1.8605093025465127,3721,0,0.37033055630206935,4.649287825853266,Original
Doctorate in science/engineering,1105,0.5525027625138126,1105,0,0.7303167420814479,10.316742081447963,Original
Doctorate in another field,732,0.36600183000915004,732,0,0.5,10.245901639344263,Original
Elementary,703,0.35150175750878754,703,0,0.29445234708392604,3.8406827880512093,Original
No formal education,535,0.26750133750668753,535,0,0.09532710280373832,2.990654205607477,Original
college or above,124708,64.1073356294659,124708,0,0.3221926420117394,4.477659813323925,Anonymized
no college education,39792,20.45545674189071,39792,0,0.18988741455568958,3.244370727784479,Anonymized
Unknown,30030,15.437207628643396,30030,0,0.17725607725607725,2.7106227106227108,Anonymized
